{
  "streets": [
    "Main St", "Oak Ave", "Maple Dr", "Cedar Ln", "Elm St", "Pine Rd", "Walnut Blvd",
    "Washington Ave", "Lincoln Rd", "Park Pl", "Lake Dr", "River Rd", "Spring St",
    "Hill Rd", "Sunset Blvd", "Highland Ave", "Valley Rd", "Forest Dr", "Church St",
    "School Ln", "Mill Rd", "Bridge St", "Market St", "Center Ave", "Meadow Ln",
    "Ridge Rd", "Prospect St", "Academy Blvd", "Columbia Ave", "Liberty St",
    "Franklin St", "Jefferson Ave", "Adams Dr", "Madison Ln", "Monroe Blvd",
    "Jackson Rd", "Harrison St", "Grant Ave", "Sherman Dr", "Willow Way",
    "Broadway", "Cherry Ln", "Magnolia Dr", "Birch St", "Cypress Ave",
    "Poplar Rd", "Dogwood Blvd", "Sycamore Dr", "Ash St", "Willow Ln",
    "Hickory Rd", "Beech Ave", "Laurel Dr", "Chestnut St", "Spruce Blvd",
    "Juniper Way", "Hazel Ln", "Ivy Rd", "Rose Dr", "Violet Ave",
    "Daisy Ln", "Tulip Rd", "Lily Way", "Jasmine Blvd", "Orchid Dr",
    "Primrose St", "Clover Ln", "Fern Rd", "Moss Dr", "Holly Ave",
    "Country Rd", "Vista Dr", "Canyon Blvd", "Summit Ave", "Crest Rd",
    "Horizon Dr", "Prairie Ln", "Sage Way", "Eagle Dr", "Falcon Ave",
    "First St", "Second St", "Third St", "Fourth St", "Fifth St",
    "Sixth Ave", "Seventh Ave", "Eighth Ave", "Ninth Ave", "Tenth Ave",
    "King St", "Queen Blvd", "Prince Rd", "Duke Ave", "Earl Ln",
    "Colonial Dr", "Heritage Way", "Victory Blvd", "Freedom Ave", "Independence Rd",
    "Union St", "Congress Ave", "Capitol Blvd", "Federal Dr", "National Ln",
    "Commerce St", "Industrial Blvd", "Trade Ave", "Business Dr", "Corporate Ln",
    "College Ave", "University Blvd", "Campus Dr", "Scholar Ln", "Education St",
    "Hospital Rd", "Medical Dr", "Health Ave", "Wellness Blvd", "Care Ln",
    "Airport Rd", "Terminal Dr", "Runway Ave", "Aviation Blvd", "Flight Ln",
    "Harbor Dr", "Marina Way", "Dock St", "Pier Ave", "Anchor Blvd",
    "Ranch Rd", "Farm Ln", "Barn Dr", "Pasture Ave", "Orchard Blvd",
    "Ocean View Dr", "Seaside Ave", "Coastal Blvd", "Beach Rd", "Shore Ln",
    "Mountain View Rd", "Hillside Dr", "Ridgewood Ave", "Peak Blvd", "Alpine Ln",
    "Woodland Dr", "Timberline Rd", "Grove Ave", "Pinewood Blvd", "Oakwood Ln",
    "Lakeshore Dr", "Waterfront Ave", "Bayview Blvd", "Creekside Rd", "Riverside Ln",
    "Sunnybrook Dr", "Clearwater Ave", "Greenfield Blvd", "Fairview Rd", "Parkview Ln",
    "Northgate Dr", "Southside Ave", "Eastwood Blvd", "Westfield Rd", "Midtown Ln"
  ],
  "cities": [
    {"name": "New York", "state": "NY", "zip": "10001"},
    {"name": "Los Angeles", "state": "CA", "zip": "90001"},
    {"name": "Chicago", "state": "IL", "zip": "60601"},
    {"name": "Houston", "state": "TX", "zip": "77001"},
    {"name": "Phoenix", "state": "AZ", "zip": "85001"},
    {"name": "Philadelphia", "state": "PA", "zip": "19101"},
    {"name": "San Antonio", "state": "TX", "zip": "78201"},
    {"name": "San Diego", "state": "CA", "zip": "92101"},
    {"name": "Dallas", "state": "TX", "zip": "75201"},
    {"name": "San Jose", "state": "CA", "zip": "95101"},
    {"name": "Austin", "state": "TX", "zip": "73301"},
    {"name": "Jacksonville", "state": "FL", "zip": "32201"},
    {"name": "Fort Worth", "state": "TX", "zip": "76101"},
    {"name": "Columbus", "state": "OH", "zip": "43201"},
    {"name": "Charlotte", "state": "NC", "zip": "28201"},
    {"name": "Indianapolis", "state": "IN", "zip": "46201"},
    {"name": "San Francisco", "state": "CA", "zip": "94101"},
    {"name": "Seattle", "state": "WA", "zip": "98101"},
    {"name": "Denver", "state": "CO", "zip": "80201"},
    {"name": "Nashville", "state": "TN", "zip": "37201"},
    {"name": "Portland", "state": "OR", "zip": "97201"},
    {"name": "Las Vegas", "state": "NV", "zip": "89101"},
    {"name": "Atlanta", "state": "GA", "zip": "30301"},
    {"name": "Miami", "state": "FL", "zip": "33101"},
    {"name": "Boston", "state": "MA", "zip": "02101"},
    {"name": "Minneapolis", "state": "MN", "zip": "55401"},
    {"name": "Tampa", "state": "FL", "zip": "33601"},
    {"name": "Orlando", "state": "FL", "zip": "32801"},
    {"name": "Pittsburgh", "state": "PA", "zip": "15201"},
    {"name": "Cleveland", "state": "OH", "zip": "44101"},
    {"name": "Detroit", "state": "MI", "zip": "48201"},
    {"name": "St. Louis", "state": "MO", "zip": "63101"},
    {"name": "Milwaukee", "state": "WI", "zip": "53201"},
    {"name": "Kansas City", "state": "MO", "zip": "64101"},
    {"name": "Sacramento", "state": "CA", "zip": "95801"},
    {"name": "Raleigh", "state": "NC", "zip": "27601"},
    {"name": "Memphis", "state": "TN", "zip": "38101"},
    {"name": "Omaha", "state": "NE", "zip": "68101"},
    {"name": "Louisville", "state": "KY", "zip": "40201"},
    {"name": "Richmond", "state": "VA", "zip": "23219"},
    {"name": "New Orleans", "state": "LA", "zip": "70112"},
    {"name": "Salt Lake City", "state": "UT", "zip": "84101"},
    {"name": "Hartford", "state": "CT", "zip": "06101"},
    {"name": "Honolulu", "state": "HI", "zip": "96801"},
    {"name": "Anchorage", "state": "AK", "zip": "99501"},
    {"name": "Birmingham", "state": "AL", "zip": "35201"},
    {"name": "Buffalo", "state": "NY", "zip": "14201"},
    {"name": "Rochester", "state": "NY", "zip": "14601"},
    {"name": "Tucson", "state": "AZ", "zip": "85701"},
    {"name": "Albuquerque", "state": "NM", "zip": "87101"},
    {"name": "Oklahoma City", "state": "OK", "zip": "73101"},
    {"name": "El Paso", "state": "TX", "zip": "79901"},
    {"name": "Fresno", "state": "CA", "zip": "93701"},
    {"name": "Long Beach", "state": "CA", "zip": "90801"},
    {"name": "Mesa", "state": "AZ", "zip": "85201"},
    {"name": "Virginia Beach", "state": "VA", "zip": "23450"},
    {"name": "Colorado Springs", "state": "CO", "zip": "80901"},
    {"name": "Reno", "state": "NV", "zip": "89501"},
    {"name": "Boise", "state": "ID", "zip": "83701"},
    {"name": "Spokane", "state": "WA", "zip": "99201"},
    {"name": "Tacoma", "state": "WA", "zip": "98401"},
    {"name": "Madison", "state": "WI", "zip": "53701"},
    {"name": "Tulsa", "state": "OK", "zip": "74101"},
    {"name": "Wichita", "state": "KS", "zip": "67201"},
    {"name": "Arlington", "state": "TX", "zip": "76001"},
    {"name": "Bakersfield", "state": "CA", "zip": "93301"},
    {"name": "Aurora", "state": "CO", "zip": "80010"},
    {"name": "Anaheim", "state": "CA", "zip": "92801"},
    {"name": "Santa Ana", "state": "CA", "zip": "92701"},
    {"name": "Corpus Christi", "state": "TX", "zip": "78401"},
    {"name": "Lexington", "state": "KY", "zip": "40501"},
    {"name": "Stockton", "state": "CA", "zip": "95201"},
    {"name": "Henderson", "state": "NV", "zip": "89011"},
    {"name": "St. Paul", "state": "MN", "zip": "55101"},
    {"name": "Cincinnati", "state": "OH", "zip": "45201"},
    {"name": "Greensboro", "state": "NC", "zip": "27401"},
    {"name": "Plano", "state": "TX", "zip": "75023"},
    {"name": "Newark", "state": "NJ", "zip": "07101"},
    {"name": "Jersey City", "state": "NJ", "zip": "07301"},
    {"name": "Lincoln", "state": "NE", "zip": "68501"},
    {"name": "Durham", "state": "NC", "zip": "27701"},
    {"name": "Chandler", "state": "AZ", "zip": "85224"},
    {"name": "Chula Vista", "state": "CA", "zip": "91910"},
    {"name": "Irvine", "state": "CA", "zip": "92602"},
    {"name": "Orlando", "state": "FL", "zip": "32801"},
    {"name": "Lubbock", "state": "TX", "zip": "79401"},
    {"name": "Winston-Salem", "state": "NC", "zip": "27101"},
    {"name": "Garland", "state": "TX", "zip": "75040"},
    {"name": "Glendale", "state": "AZ", "zip": "85301"},
    {"name": "Hialeah", "state": "FL", "zip": "33010"},
    {"name": "Scottsdale", "state": "AZ", "zip": "85251"},
    {"name": "Irving", "state": "TX", "zip": "75060"},
    {"name": "Fremont", "state": "CA", "zip": "94536"},
    {"name": "Gilbert", "state": "AZ", "zip": "85233"},
    {"name": "San Bernardino", "state": "CA", "zip": "92401"},
    {"name": "Baton Rouge", "state": "LA", "zip": "70801"},
    {"name": "North Las Vegas", "state": "NV", "zip": "89030"},
    {"name": "Chesapeake", "state": "VA", "zip": "23320"},
    {"name": "Norfolk", "state": "VA", "zip": "23501"},
    {"name": "Laredo", "state": "TX", "zip": "78040"},
    {"name": "Paradise", "state": "NV", "zip": "89109"},
    {"name": "Modesto", "state": "CA", "zip": "95351"},
    {"name": "Fontana", "state": "CA", "zip": "92335"},
    {"name": "Santa Clarita", "state": "CA", "zip": "91350"},
    {"name": "Moreno Valley", "state": "CA", "zip": "92551"}
  ]
}
